epoch,learning_rate,loss,mae,mape,val_loss,val_mae,val_mape
0,4.999999873689376e-05,923.537109375,29.455238342285156,95.8496322631836,730.1685791015625,26.42669677734375,91.37513732910156
