epoch,learning_rate,loss,mae,mape,val_loss,val_mae,val_mape
0,9.999999747378752e-05,985.4325561523438,30.492624282836914,99.3545150756836,821.1428833007812,28.117231369018555,97.38374328613281
